{"accuracy": [0.9879992008209229, 0.9977139830589294, 0.9977139830589294, 0.9977139830589294, 0.9977139830589294, 0.9977139830589294, 0.9977139830589294, 0.9977139830589294, 0.9977139830589294, 0.9977139830589294, 0.9977139830589294, 0.9977139830589294, 0.9977139830589294, 0.9977139830589294, 0.9977139830589294, 0.9977139830589294, 0.9977139830589294, 0.9977139830589294, 0.9977139830589294, 0.9977139830589294, 0.9977139830589294, 0.9977139830589294, 0.9977139830589294, 0.9977139830589294, 0.9977139830589294, 0.9977139830589294, 0.9977139830589294, 0.9977139830589294, 0.9977139830589294], "auc": [0.8328928351402283, 0.8446179032325745, 0.8457346558570862, 0.8458558917045593, 0.8459229469299316, 0.8462158441543579, 0.8460661172866821, 0.8461273908615112, 0.8461738228797913, 0.8461067080497742, 0.8462722301483154, 0.8462305068969727, 0.8463374376296997, 0.8463196754455566, 0.8463050723075867, 0.8464130759239197, 0.8463695645332336, 0.8463415503501892, 0.8464356064796448, 0.846491277217865, 0.8465614914894104, 0.8465035557746887, 0.8463074564933777, 0.8464406132698059, 0.8464145660400391, 0.8463839888572693, 0.8464356064796448, 0.8465556502342224, 0.8465531468391418], "loss": [0.29065006971359253, 0.27976471185684204, 0.27856916189193726, 0.27829471230506897, 0.2781435549259186, 0.27798551321029663, 0.2779673933982849, 0.27797338366508484, 0.27788880467414856, 0.2779029905796051, 0.27786073088645935, 0.27775779366493225, 0.2777401804924011, 0.2777804136276245, 0.2777922749519348, 0.27769172191619873, 0.2777444124221802, 0.2777482271194458, 0.27766743302345276, 0.2776019275188446, 0.277555376291275, 0.27761512994766235, 0.2777239680290222, 0.2777135968208313, 0.2776435315608978, 0.2776651978492737, 0.2775936424732208, 0.2775430977344513, 0.2774963676929474], "precision": [0.7722322940826416, 0.7740413546562195, 0.7745944261550903, 0.7745115756988525, 0.7740781903266907, 0.7742373943328857, 0.7733308672904968, 0.774452805519104, 0.7739770412445068, 0.7737087607383728, 0.7733075022697449, 0.7738620638847351, 0.7724701166152954, 0.7733727097511292, 0.7724490165710449, 0.7734508514404297, 0.7735434174537659, 0.7734959721565247, 0.7735688090324402, 0.7737575173377991, 0.7738524675369263, 0.7735254764556885, 0.7737129330635071, 0.7741121053695679, 0.7734138369560242, 0.7737427353858948, 0.7733665704727173, 0.7734967470169067, 0.7736470103263855], "recall": [0.8165030479431152, 0.8391290903091431, 0.8399280309677124, 0.8408998250961304, 0.8418208956718445, 0.8415387272834778, 0.8427203297615051, 0.8402458429336548, 0.8418230414390564, 0.8423851728439331, 0.8435040712356567, 0.8424760103225708, 0.8448553681373596, 0.8431170582771301, 0.8455612659454346, 0.8437181115150452, 0.8428716659545898, 0.8433483839035034, 0.8435181379318237, 0.8431819081306458, 0.8425332903862, 0.8433170318603516, 0.8427008390426636, 0.8424251675605774, 0.8439570069313049, 0.843646764755249, 0.844441294670105, 0.8441386222839355, 0.8435624241828918], "val_accuracy": [0.9977932572364807, 0.9977932572364807, 0.9977932572364807, 0.9977932572364807, 0.9977932572364807, 0.9977932572364807, 0.9977932572364807, 0.9977932572364807, 0.9977932572364807, 0.9977932572364807, 0.9977932572364807, 0.9977932572364807, 0.9977932572364807, 0.9977932572364807, 0.9977932572364807, 0.9977932572364807, 0.9977932572364807, 0.9977932572364807, 0.9977932572364807, 0.9977932572364807, 0.9977932572364807, 0.9977932572364807, 0.9977932572364807, 0.9977932572364807, 0.9977932572364807, 0.9977932572364807, 0.9977932572364807, 0.9977932572364807, 0.9977932572364807], "val_auc": [0.8517825603485107, 0.8531971573829651, 0.8540272116661072, 0.8529287576675415, 0.8544374108314514, 0.8540862798690796, 0.8526531457901001, 0.8531097769737244, 0.8544665575027466, 0.8543068170547485, 0.8521319031715393, 0.8529046177864075, 0.8527024388313293, 0.8527745604515076, 0.8527230620384216, 0.8537152409553528, 0.8531842827796936, 0.8541228771209717, 0.8535880446434021, 0.8530041575431824, 0.8532484173774719, 0.85355144739151, 0.8542001843452454, 0.8533478379249573, 0.8539924025535583, 0.8532979488372803, 0.8535388112068176, 0.8540347218513489, 0.8529395461082458], "val_loss": [0.4687138795852661, 0.46548017859458923, 0.46372154355049133, 0.4651177227497101, 0.46355706453323364, 0.46351832151412964, 0.4653053879737854, 0.4645143747329712, 0.4632444977760315, 0.4634074568748474, 0.4656791388988495, 0.46555012464523315, 0.465237557888031, 0.4649638533592224, 0.46532025933265686, 0.4638961851596832, 0.464470237493515, 0.4633382260799408, 0.4640618860721588, 0.46579188108444214, 0.4651032090187073, 0.464341938495636, 0.4638291001319885, 0.46474960446357727, 0.4643363654613495, 0.4653235673904419, 0.4646081328392029, 0.4639603793621063, 0.4649788439273834], "val_precision": [0.7837715148925781, 0.7831315398216248, 0.7789810299873352, 0.7864347696304321, 0.7819391489028931, 0.7786327004432678, 0.7873985171318054, 0.7851217985153198, 0.7774084806442261, 0.784114420413971, 0.7851316928863525, 0.778681755065918, 0.7849425673484802, 0.7876256704330444, 0.7833585143089294, 0.7766910195350647, 0.7767115235328674, 0.7775887250900269, 0.7817727327346802, 0.7886834144592285, 0.7847020626068115, 0.7801846265792847, 0.7855355739593506, 0.7794980406761169, 0.7851930856704712, 0.7853639125823975, 0.7805657982826233, 0.7757809162139893, 0.7850095629692078], "val_recall": [0.8318542838096619, 0.8398251533508301, 0.8479854464530945, 0.8328014612197876, 0.8427395224571228, 0.8493989109992981, 0.8296684622764587, 0.8372458815574646, 0.8521530032157898, 0.8386739492416382, 0.8345792293548584, 0.8493843078613281, 0.8363569974899292, 0.8312276601791382, 0.8386302590370178, 0.8516721129417419, 0.8527358770370483, 0.8524298667907715, 0.8431183695793152, 0.8297122120857239, 0.8343169689178467, 0.8460327982902527, 0.8371147513389587, 0.8481165766716003, 0.8357887268066406, 0.8375956416130066, 0.8467759490013123, 0.854834258556366, 0.8371147513389587], "learning_rate": [0.0010000000474974513, 0.0010000000474974513, 0.0010000000474974513, 0.0010000000474974513, 0.0010000000474974513, 0.0010000000474974513, 0.0010000000474974513, 0.0010000000474974513, 0.0010000000474974513, 0.0010000000474974513, 0.0010000000474974513, 0.0010000000474974513, 0.0010000000474974513, 0.0010000000474974513, 0.0010000000474974513, 0.0010000000474974513, 0.0010000000474974513, 0.0010000000474974513, 0.0010000000474974513, 0.0010000000474974513, 0.0010000000474974513, 0.0010000000474974513, 0.0010000000474974513, 0.0010000000474974513, 0.0010000000474974513, 0.0010000000474974513, 0.0010000000474974513, 0.0010000000474974513, 0.0010000000474974513]}