{"accuracy": [0.9886128902435303, 0.9977009296417236, 0.9977009296417236, 0.9977009296417236, 0.9977025389671326, 0.9977025389671326, 0.9977025389671326, 0.9977025389671326, 0.9976993203163147, 0.9976642727851868, 0.9975194334983826, 0.9974207282066345, 0.9974318146705627, 0.9975671768188477, 0.9976929426193237, 0.9976961612701416, 0.9976961612701416, 0.9976786375045776, 0.9976945519447327, 0.9976945519447327, 0.9976881742477417, 0.9976499676704407, 0.9976691007614136, 0.9976499676704407, 0.9976260662078857, 0.9975863099098206, 0.9975512623786926, 0.9976053833961487, 0.9976324439048767, 0.9976468086242676, 0.9976197481155396, 0.9976037740707397, 0.9976053833961487, 0.9976547360420227, 0.9975942373275757, 0.9975878596305847, 0.9975528717041016, 0.9976006150245667, 0.9975767135620117, 0.9975958466529846, 0.9976037740707397, 0.9975703358650208, 0.9976531267166138, 0.9976117610931396, 0.9976117610931396, 0.9976658821105957, 0.9976276755332947, 0.9975464940071106, 0.9975974559783936, 0.9976165294647217, 0.9976372122764587, 0.9976579546928406, 0.9976722598075867, 0.9976547360420227, 0.9976212978363037, 0.9975942373275757, 0.9975576400756836, 0.9975368976593018, 0.9975814819335938, 0.9976260662078857, 0.9976212978363037, 0.9975655674934387, 0.9975703358650208, 0.9975830912590027, 0.9975942373275757, 0.9976149201393127, 0.9975735545158386, 0.9975926280021667, 0.9975894689559937, 0.9975576400756836, 0.9975655674934387, 0.9975432753562927, 0.9975225925445557, 0.9975417256355286, 0.9974939227104187, 0.9974684715270996, 0.9975368976593018], "auc": [0.8400510549545288, 0.8493912220001221, 0.85065758228302, 0.8516247272491455, 0.8521572947502136, 0.852598249912262, 0.8529245853424072, 0.8530184626579285, 0.8533143401145935, 0.8537620902061462, 0.8539613485336304, 0.8539674878120422, 0.8540375232696533, 0.854113757610321, 0.8544993996620178, 0.8545787334442139, 0.8543919324874878, 0.8544385433197021, 0.854637622833252, 0.8544599413871765, 0.8547238707542419, 0.8547497987747192, 0.8548449873924255, 0.8550139665603638, 0.855023980140686, 0.8550369739532471, 0.8548901677131653, 0.854944109916687, 0.8548876643180847, 0.8548282980918884, 0.8550769686698914, 0.8549831509590149, 0.8549290299415588, 0.8549636006355286, 0.8548845648765564, 0.8550931215286255, 0.855110764503479, 0.8549520373344421, 0.8548762798309326, 0.8549717664718628, 0.8549439907073975, 0.8550694584846497, 0.8550808429718018, 0.8550223708152771, 0.8550627827644348, 0.8551559448242188, 0.8550746440887451, 0.8550790548324585, 0.854972779750824, 0.8550710082054138, 0.8549543619155884, 0.855227530002594, 0.855151891708374, 0.855100154876709, 0.8550792336463928, 0.8551291227340698, 0.8552213907241821, 0.8551634550094604, 0.8550854921340942, 0.8551286458969116, 0.8552150726318359, 0.8550683856010437, 0.8551651835441589, 0.8551311492919922, 0.8550721406936646, 0.8549443483352661, 0.8551110029220581, 0.8552315831184387, 0.8549652099609375, 0.855073094367981, 0.8551502227783203, 0.8550631999969482, 0.8551822304725647, 0.8548316359519958, 0.8548527359962463, 0.8548535704612732, 0.8548638224601746], "loss": [0.4910208582878113, 0.4738008975982666, 0.4712965190410614, 0.4699349105358124, 0.46932485699653625, 0.468881756067276, 0.46848782896995544, 0.46837884187698364, 0.46796363592147827, 0.46740925312042236, 0.46741336584091187, 0.4673961102962494, 0.467291921377182, 0.46722322702407837, 0.4665580987930298, 0.4665258526802063, 0.4668205976486206, 0.466692179441452, 0.46638965606689453, 0.4667547345161438, 0.4662940502166748, 0.4662630558013916, 0.4661460220813751, 0.465945303440094, 0.4659431576728821, 0.46584072709083557, 0.46614596247673035, 0.4660949110984802, 0.4661916494369507, 0.4661450684070587, 0.46582573652267456, 0.4660112261772156, 0.46606770157814026, 0.465931236743927, 0.46619290113449097, 0.4659023582935333, 0.46589335799217224, 0.46598535776138306, 0.4662279188632965, 0.466065913438797, 0.46597495675086975, 0.46580982208251953, 0.46586593985557556, 0.4660179913043976, 0.46594664454460144, 0.4658985435962677, 0.46596142649650574, 0.4658595323562622, 0.4661535918712616, 0.4658687710762024, 0.4660590887069702, 0.46565523743629456, 0.4658474028110504, 0.4658738970756531, 0.46584445238113403, 0.4657684862613678, 0.46566668152809143, 0.46572086215019226, 0.46573036909103394, 0.4656883180141449, 0.46554362773895264, 0.46581709384918213, 0.465714693069458, 0.4656519591808319, 0.46582624316215515, 0.46595415472984314, 0.4657895267009735, 0.4655919373035431, 0.46595555543899536, 0.46575281023979187, 0.4656018912792206, 0.46594083309173584, 0.4657825529575348, 0.46614930033683777, 0.4660674035549164, 0.46608811616897583, 0.466048002243042], "precision": [0.7738808989524841, 0.77517169713974, 0.7747429609298706, 0.7754952311515808, 0.7760149836540222, 0.7765721678733826, 0.7766018509864807, 0.7768433690071106, 0.7771532535552979, 0.7770951986312866, 0.777959942817688, 0.7779582142829895, 0.7776872515678406, 0.7775805592536926, 0.7785452604293823, 0.7784361243247986, 0.7783253192901611, 0.778583824634552, 0.7783870697021484, 0.7787534594535828, 0.7786293029785156, 0.7786030769348145, 0.778874397277832, 0.7791497707366943, 0.7793571949005127, 0.7784769535064697, 0.7788994312286377, 0.7790424227714539, 0.7791950702667236, 0.7788954377174377, 0.7793897986412048, 0.7789270877838135, 0.779549241065979, 0.779403567314148, 0.7790383696556091, 0.7798181176185608, 0.779759407043457, 0.7793344855308533, 0.7798383235931396, 0.7791388034820557, 0.7797361612319946, 0.7797490954399109, 0.7800890803337097, 0.7790376543998718, 0.7798330783843994, 0.7804690003395081, 0.7800673246383667, 0.7795829772949219, 0.7796200513839722, 0.7798281311988831, 0.7795711159706116, 0.7798942923545837, 0.7799227237701416, 0.7795974016189575, 0.7798061370849609, 0.779578447341919, 0.7799128890037537, 0.7802466154098511, 0.7791180610656738, 0.7799669504165649, 0.7803182005882263, 0.7804049849510193, 0.7795601487159729, 0.7796313762664795, 0.780175507068634, 0.7799823880195618, 0.7796127796173096, 0.779529333114624, 0.7799730896949768, 0.7799543142318726, 0.7803922891616821, 0.7803357839584351, 0.7802715301513672, 0.7803419232368469, 0.780235230922699, 0.7801297903060913, 0.7802271246910095], "recall": [0.8263506889343262, 0.8425123691558838, 0.8461978435516357, 0.8465622067451477, 0.8467777371406555, 0.8464439511299133, 0.8470433950424194, 0.8478944897651672, 0.8474383354187012, 0.8493408560752869, 0.8486079573631287, 0.8489208817481995, 0.849760890007019, 0.8499026894569397, 0.8488457798957825, 0.8494618535041809, 0.8493853807449341, 0.8494173288345337, 0.8500264883041382, 0.8484132289886475, 0.8490251898765564, 0.8490669131278992, 0.8494743704795837, 0.8491169810295105, 0.8485008478164673, 0.8502545952796936, 0.84984290599823, 0.8490140438079834, 0.8493061065673828, 0.8488875031471252, 0.8492268323898315, 0.8488276600837708, 0.8485787510871887, 0.8489556312561035, 0.8492490649223328, 0.8482630252838135, 0.8474953770637512, 0.8487178087234497, 0.8484466075897217, 0.848346471786499, 0.8482519388198853, 0.8480697274208069, 0.8480294346809387, 0.8493436574935913, 0.8479278683662415, 0.8479181528091431, 0.8477345705032349, 0.8480961322784424, 0.8480182886123657, 0.8485982418060303, 0.848918080329895, 0.8482352495193481, 0.847976565361023, 0.8486149311065674, 0.8484647274017334, 0.8493672609329224, 0.8485884666442871, 0.8475496172904968, 0.8496621251106262, 0.8481114506721497, 0.8474786877632141, 0.847161591053009, 0.8487261533737183, 0.8482463359832764, 0.847958505153656, 0.847837507724762, 0.8486760854721069, 0.8487803936004639, 0.8476733565330505, 0.8477234244346619, 0.8470990061759949, 0.8467652201652527, 0.8473173379898071, 0.8467068076133728, 0.8464662432670593, 0.8469279408454895, 0.846450924873352],