{"accuracy": [0.986495316028595, 0.9977025389671326, 0.9977025389671326, 0.9977025389671326, 0.9977025389671326, 0.9977025389671326, 0.9977025389671326, 0.9977009296417236, 0.9977009296417236, 0.9977009296417236, 0.9977009296417236, 0.9976993203163147, 0.9977009296417236, 0.9977025389671326, 0.9977025389671326, 0.9976961612701416, 0.9977025389671326, 0.9977025389671326, 0.9977009296417236, 0.9977009296417236, 0.9976945519447327, 0.9977025389671326, 0.9977025389671326, 0.9977025389671326, 0.9977025389671326, 0.9977025389671326, 0.9977025389671326, 0.9977009296417236, 0.9977025389671326, 0.9977025389671326, 0.9977025389671326, 0.9977025389671326, 0.9977025389671326, 0.9977025389671326, 0.9977025389671326, 0.9977025389671326, 0.9977009296417236, 0.9977025389671326, 0.9976993203163147, 0.9976961612701416, 0.9977009296417236, 0.9976913928985596], "auc": [0.8357899188995361, 0.8468160629272461, 0.8483712077140808, 0.8488218784332275, 0.8489593267440796, 0.8490410447120667, 0.8490180373191833, 0.849449098110199, 0.8496929407119751, 0.8494047522544861, 0.8496348857879639, 0.8496285080909729, 0.8497547507286072, 0.8497475981712341, 0.849779486656189, 0.8499213457107544, 0.8498492240905762, 0.8497573733329773, 0.8498634099960327, 0.8499018549919128, 0.8497748970985413, 0.8499945998191833, 0.8499621748924255, 0.8498304486274719, 0.8500123023986816, 0.8500457406044006, 0.8502092361450195, 0.8501913547515869, 0.8501766920089722, 0.8500275611877441, 0.8500655889511108, 0.8501610159873962, 0.850027322769165, 0.8501057624816895, 0.85016930103302, 0.8499974012374878, 0.8499464988708496, 0.8501721024513245, 0.850182831287384, 0.850458562374115, 0.8502875566482544, 0.8502095937728882], "loss": [0.28929945826530457, 0.27820393443107605, 0.2765084505081177, 0.2760356664657593, 0.27590125799179077, 0.2758197784423828, 0.27575597167015076, 0.2754422128200531, 0.27521926164627075, 0.27542489767074585, 0.2752262055873871, 0.27527159452438354, 0.2752124071121216, 0.2752190828323364, 0.2752460241317749, 0.2751050591468811, 0.2752003073692322, 0.2751808166503906, 0.2750227451324463, 0.27506157755851746, 0.2751283347606659, 0.27498525381088257, 0.27502432465553284, 0.27511531114578247, 0.27491214871406555, 0.27494126558303833, 0.27489539980888367, 0.2748572826385498, 0.2748655378818512, 0.2749793231487274, 0.2749751806259155, 0.27487945556640625, 0.2750159204006195, 0.2749437689781189, 0.27490487694740295, 0.27500051259994507, 0.2750222384929657, 0.2749321758747101, 0.2748943269252777, 0.2746886909008026, 0.2748633027076721, 0.2749022841453552], "precision": [0.7728288769721985, 0.775062084197998, 0.7744415402412415, 0.7748196125030518, 0.774490475654602, 0.774071216583252, 0.7736057043075562, 0.7732059955596924, 0.7734615206718445, 0.7728676199913025, 0.772621214389801, 0.7732591032981873, 0.7727247476577759, 0.7730715870857239, 0.7730850577354431, 0.7730768918991089, 0.7733334302902222, 0.7733227014541626, 0.773393452167511, 0.7733170390129089, 0.773026704788208, 0.7730335593223572, 0.7731438875198364, 0.7729112505912781, 0.7731661200523376, 0.7729712128639221, 0.7730422019958496, 0.7732232809066772, 0.7729312181472778, 0.7735564112663269, 0.773078978061676, 0.7729825973510742, 0.7730118036270142, 0.7733526229858398, 0.773794949054718, 0.7731091380119324, 0.7734062671661377, 0.7736703753471375, 0.7735589742660522, 0.7737780809402466, 0.7737994194030762, 0.7731596827507019], "recall": [0.8197781443595886, 0.8392511010169983, 0.843764066696167, 0.8436458110809326, 0.8448126316070557, 0.8457903265953064, 0.8466609120368958, 0.8478235602378845, 0.8489890098571777, 0.849639892578125, 0.8498331904411316, 0.849403440952301, 0.850154459476471, 0.8496801853179932, 0.8500014543533325, 0.8511320948600769, 0.8498777151107788, 0.849749743938446, 0.8495564460754395, 0.8504103422164917, 0.8508080840110779, 0.8510167002677917, 0.8503338694572449, 0.8508970737457275, 0.8504701256752014, 0.8510459065437317, 0.8505897521972656, 0.8507663607597351, 0.850974977016449, 0.8495773077011108, 0.8498582243919373, 0.8511627316474915, 0.8512475490570068, 0.8502128720283508, 0.8501169085502625, 0.8506773710250854, 0.8496565818786621, 0.8502823710441589, 0.8499792218208313, 0.8496593236923218, 0.8500626683235168, 0.8507566452026367], "val_accuracy": [0.9979270100593567, 0.9979270100593567, 0.9979270100593567, 0.9979270100593567, 0.9979270100593567, 0.9979270100593567, 0.9979270100593567, 0.9979270100593567, 0.9979270100593567, 0.9979270100593567, 0.9979270100593567, 0.9979270100593567, 0.9979270100593567, 0.9979270100593567, 0.9979270100593567, 0.9979270100593567, 0.9979270100593567, 0.9979270100593567, 0.9979270100593567, 0.9979270100593567, 0.9979270100593567, 0.9979270100593567, 0.9979270100593567, 0.9979270100593567, 0.9979270100593567, 0.9979270100593567, 0.9979270100593567, 0.9979270100593567, 0.9979270100593567, 0.9979270100593567, 0.9979270100593567, 0.9979270100593567, 0.9979270100593567, 0.9978657364845276, 0.9979270100593567, 0.9979270100593567, 0.9979270100593567, 0.9979270100593567, 0.9979270100593567, 0.9979270100593567, 0.9979270100593567, 0.9979270100593567], "val_auc": [0.8534092903137207, 0.8547590374946594, 0.8559606075286865, 0.8561508655548096, 0.8561356663703918, 0.8557952642440796, 0.8563547730445862, 0.8571979999542236, 0.8571980595588684, 0.8557276129722595, 0.8567288517951965, 0.8545450568199158, 0.8577061295509338, 0.8546860218048096, 0.8571885228157043, 0.8585942387580872, 0.857374370098114, 0.8573569655418396, 0.85794997215271, 0.8559719920158386, 0.8570134043693542, 0.8588817715644836, 0.8562712073326111, 0.8578145503997803, 0.8581305742263794, 0.8564440011978149, 0.857001543045044, 0.8585723638534546, 0.8583424687385559, 0.8576653003692627, 0.8585756421089172, 0.8565006852149963, 0.8577810525894165, 0.8584316372871399, 0.8580127358436584, 0.8581558465957642, 0.8575021624565125, 0.8580847978591919, 0.8567503094673157, 0.8562168478965759, 0.857522189617157, 0.8590162992477417], "val_loss": [0.46661606431007385, 0.4636799693107605, 0.4616600275039673, 0.46125850081443787, 0.4615823030471802, 0.46281173825263977, 0.46106722950935364, 0.4602271616458893, 0.45948368310928345, 0.46087372303009033, 0.4610537886619568, 0.46283847093582153, 0.46033984422683716, 0.46351540088653564, 0.4608801305294037, 0.45890161395072937, 0.459323912858963, 0.4596332609653473, 0.4587773084640503, 0.461357444524765, 0.46013858914375305, 0.45738598704338074, 0.4619393050670624, 0.4587644338607788, 0.45897120237350464, 0.4599151909351349, 0.4607671797275543, 0.45830589532852173, 0.4585505425930023, 0.45903900265693665, 0.4603971242904663, 0.46104633808135986, 0.45889559388160706, 0.45829227566719055, 0.45862868428230286, 0.45874178409576416, 0.45943331718444824, 0.4588547945022583, 0.46027126908302307, 0.46027296781539917, 0.4593973457813263, 0.4582255780696869], "val_precision": [0.7756921052932739, 0.779105544090271, 0.7805207371711731, 0.7777310013771057, 0.7783106565475464, 0.7859522700309753, 0.7785186767578125, 0.7765457630157471, 0.7778131365776062, 0.7782618999481201, 0.7742074131965637, 0.7783514857292175, 0.7824934124946594, 0.786765992641449, 0.7736477851867676, 0.774675190448761, 0.7778463959693909, 0.7749678492546082, 0.7748622894287109, 0.7756786346435547, 0.773180365562439, 0.7752661108970642, 0.7820931673049927, 0.7738446593284607, 0.7768042087554932, 0.780942440032959, 0.7872160077095032, 0.7790018916130066, 0.7730183601379395, 0.7794384360313416, 0.7823346257209778, 0.773225724697113, 0.7791944146156311, 0.7758080363273621, 0.7710691094398499, 0.7708021998405457, 0.7804510593414307, 0.7738596796989441, 0.7795060873031616, 0.7814761996269226, 0.7842077016830444, 0.7728177905082703],