{"accuracy": [0.9885603189468384, 0.9977025389671326, 0.9977025389671326, 0.9977025389671326, 0.9977025389671326, 0.9976977109909058, 0.9977009296417236, 0.9976913928985596, 0.9976977109909058, 0.9976547360420227, 0.9976404309272766, 0.9976770281791687, 0.9976881742477417, 0.9977025389671326, 0.9976881742477417, 0.9976897835731506, 0.9976961612701416, 0.9976977109909058, 0.9977009296417236, 0.9977009296417236, 0.9976977109909058, 0.9977025389671326, 0.9977009296417236, 0.9976961612701416, 0.9976945519447327, 0.9976961612701416, 0.9976817965507507, 0.9976977109909058, 0.9976786375045776, 0.9976913928985596, 0.9976691007614136, 0.9976563453674316, 0.9976324439048767, 0.9976356625556946, 0.9976117610931396, 0.9976451992988586, 0.9976691007614136, 0.9976642727851868, 0.9976738691329956, 0.9976881742477417, 0.9976547360420227, 0.9976674914360046, 0.9976658821105957, 0.9976786375045776, 0.9976802468299866, 0.9976786375045776, 0.9976802468299866, 0.9976802468299866, 0.9976817965507507, 0.9976913928985596, 0.9976770281791687, 0.9976786375045776, 0.9976834058761597, 0.9976929426193237, 0.9976770281791687, 0.9976738691329956, 0.9976642727851868, 0.9976770281791687, 0.9976834058761597, 0.9976722598075867, 0.9976451992988586, 0.9976388216018677, 0.9976738691329956], "auc": [0.8363667726516724, 0.8464580178260803, 0.8476718068122864, 0.848279595375061, 0.8486171960830688, 0.8487886786460876, 0.8490992784500122, 0.8490039110183716, 0.8493662476539612, 0.8495436906814575, 0.8496781587600708, 0.8497775197029114, 0.849850058555603, 0.8497143387794495, 0.8496341109275818, 0.8498722910881042, 0.8497298955917358, 0.849955677986145, 0.850052535533905, 0.8499059081077576, 0.8499717712402344, 0.8500126004219055, 0.850032389163971, 0.8501463532447815, 0.8502548933029175, 0.8501983284950256, 0.8502652645111084, 0.8501012325286865, 0.8503336906433105, 0.8503643870353699, 0.8503928184509277, 0.850322961807251, 0.8503217697143555, 0.8504425287246704, 0.8502795696258545, 0.8504334688186646, 0.8505656123161316, 0.8505043387413025, 0.8504364490509033, 0.850403368473053, 0.850271999835968, 0.850231409072876, 0.8504798412322998, 0.8502476811408997, 0.8505155444145203, 0.8504136204719543, 0.8503923416137695, 0.8502947688102722, 0.8505513072013855, 0.850093424320221, 0.8504980802536011, 0.8503270149230957, 0.8502002358436584, 0.8503621816635132, 0.8505376577377319, 0.8503559231758118, 0.8504416346549988, 0.8504785895347595, 0.8505231142044067, 0.8503589630126953, 0.8503085374832153, 0.8504809141159058, 0.8504204154014587], "loss": [0.2890388071537018, 0.2783505618572235, 0.27691349387168884, 0.27641260623931885, 0.27606263756752014, 0.27594834566116333, 0.2757297158241272, 0.2757703363895416, 0.27551811933517456, 0.2753756046295166, 0.27529335021972656, 0.2751617133617401, 0.2751677334308624, 0.27527499198913574, 0.27525830268859863, 0.2751501202583313, 0.27531328797340393, 0.27505406737327576, 0.2750829756259918, 0.27517712116241455, 0.2751311659812927, 0.27503839135169983, 0.27511587738990784, 0.2749740779399872, 0.2748824954032898, 0.2748606503009796, 0.27491849660873413, 0.2749815285205841, 0.27491456270217896, 0.27485474944114685, 0.2747994363307953, 0.27481889724731445, 0.2748265266418457, 0.2747848927974701, 0.2748323082923889, 0.27485108375549316, 0.2746815085411072, 0.2747754454612732, 0.274851530790329, 0.27483728528022766, 0.2748686969280243, 0.2750098407268524, 0.2747464179992676, 0.27494016289711, 0.2747635245323181, 0.2748843729496002, 0.2748543620109558, 0.27488604187965393, 0.27463212609291077, 0.27501189708709717, 0.2747422456741333, 0.27480074763298035, 0.2749056816101074, 0.27479636669158936, 0.27469775080680847, 0.2747737765312195, 0.2747363746166229, 0.2748130261898041, 0.27474474906921387, 0.2747844457626343, 0.27490416169166565, 0.2746756374835968, 0.2747514545917511], "precision": [0.7730934619903564, 0.7737239003181458, 0.7730425000190735, 0.7727860808372498, 0.7729690670967102, 0.7732410430908203, 0.7730730175971985, 0.7733673453330994, 0.7732935547828674, 0.7737414836883545, 0.7734342217445374, 0.774207353591919, 0.7739951014518738, 0.7737466096878052, 0.7739253640174866, 0.7738516330718994, 0.7739624977111816, 0.774122416973114, 0.7740943431854248, 0.7736037373542786, 0.7741122841835022, 0.7742874622344971, 0.7744580507278442, 0.7743504643440247, 0.7744089365005493, 0.7744123935699463, 0.7742743492126465, 0.7741592526435852, 0.7750564217567444, 0.7747964859008789, 0.7745427489280701, 0.7745426893234253, 0.77486252784729, 0.7750146985054016, 0.7751415967941284, 0.7750683426856995, 0.7747280597686768, 0.7750289440155029, 0.7751012444496155, 0.7754217982292175, 0.774503231048584, 0.774488091468811, 0.7746228575706482, 0.7747107744216919, 0.7749695181846619, 0.7747129201889038, 0.7748891115188599, 0.7743440866470337, 0.7748960256576538, 0.7748116850852966, 0.7751464247703552, 0.7752049565315247, 0.775761067867279, 0.7748363018035889, 0.7750219702720642, 0.7743148803710938, 0.774215579032898, 0.7747372388839722, 0.7755553126335144, 0.7747816443443298, 0.7747858166694641, 0.7747198343276978, 0.7745082378387451], "recall": [0.8219768404960632, 0.8420158624649048, 0.8457499742507935, 0.846965491771698, 0.8472617268562317, 0.846930742263794, 0.8475551605224609, 0.847612202167511, 0.8479529023170471, 0.847450852394104, 0.848443865776062, 0.8481656908988953, 0.848132312297821, 0.8479987978935242, 0.8482894897460938, 0.848293662071228, 0.8476455807685852, 0.8475440144538879, 0.8471602201461792, 0.8490988612174988, 0.8484911322593689, 0.8482922315597534, 0.8483854532241821, 0.847571849822998, 0.8486051559448242, 0.8482686281204224, 0.8487150073051453, 0.8479418158531189, 0.8471018075942993, 0.8479598760604858, 0.8478652834892273, 0.8479987978935242, 0.84793621301651, 0.8475314974784851, 0.8472617268562317, 0.8470878601074219, 0.8479334712028503, 0.8477011919021606, 0.8474105596542358, 0.8470072150230408, 0.8484855890274048, 0.8481587171554565, 0.8483020067214966, 0.8480502963066101, 0.8475704789161682, 0.8484577536582947, 0.8478597402572632, 0.8481184244155884, 0.847740113735199, 0.8468708992004395, 0.847404956817627, 0.8468598127365112, 0.8457249402999878, 0.8479668498039246, 0.8474230766296387, 0.8484632968902588, 0.8481531739234924, 0.8484563827514648, 0.846705436706543, 0.8482561111450195, 0.8477165102958679, 0.8485106229782104, 0.8484285473823547], "val_accuracy": [0.9979270100593567, 0.9979270100593567, 0.9979270100593567, 0.9979270100593567, 0.9979270100593567, 0.9979270100593567, 0.9979270100593567, 0.9979270100593567, 0.9979270100593567, 0.9979270100593567, 0.9979270100593567, 0.9979270100593567, 0.9979270100593567, 0.9979270100593567, 0.9979270100593567, 0.9979270100593567, 0.9979270100593567, 0.9979270100593567, 0.9979270100593567, 0.9979270100593567, 0.9979270100593567, 0.9979270100593567, 0.9979270100593567, 0.9979270100593567, 0.9979270100593567, 0.9979270100593567, 0.9979270100593567, 0.9977932572364807, 0.9979270100593567, 0.9979270100593567, 0.9979270100593567, 0.9978991746902466, 0.9979270100593567, 0.9974867701530457, 0.9979270100593567, 0.9979270100593567, 0.9978545904159546, 0.9978768825531006, 0.9979270100593567, 0.9979270100593567, 0.9979270100593567, 0.9979270100593567, 0.9979270100593567, 0.9979270100593567, 0.9979270100593567, 0.9979270100593567, 0.9979270100593567, 0.9979103207588196, 0.9979270100593567, 0.9979270100593567, 0.9979270100593567, 0.9979270100593567, 0.9979270100593567, 0.9979270100593567, 0.9979270100593567, 0.9979270100593567, 0.9979270100593567, 0.9979270100593567, 0.9979270100593567, 0.9979270100593567, 0.9979270100593567, 0.9979270100593567, 0.9977486729621887],