{"accuracy": [0.9880883097648621, 0.9977139830589294, 0.9977139830589294, 0.9977139830589294, 0.9977139830589294, 0.9977139830589294, 0.9977139830589294, 0.9977139830589294, 0.9977139830589294, 0.9977139830589294, 0.9977139830589294, 0.9977139830589294, 0.9977139830589294, 0.9977139830589294, 0.9977139830589294, 0.9977139830589294, 0.9977139830589294, 0.9977139830589294, 0.9977139830589294, 0.9977139830589294, 0.9977139830589294, 0.9977127909660339, 0.9977028369903564, 0.9977102875709534, 0.9977078437805176, 0.9977040886878967], "auc": [0.8322055339813232, 0.8441643118858337, 0.845352828502655, 0.8457356095314026, 0.8459144234657288, 0.8459842205047607, 0.84597247838974, 0.8459438681602478, 0.8460792899131775, 0.8461437225341797, 0.8460046648979187, 0.8460906147956848, 0.8459810018539429, 0.8461406230926514, 0.8462672233581543, 0.8462967872619629, 0.8463861346244812, 0.8464422225952148, 0.8464005589485168, 0.8463839292526245, 0.8462873697280884, 0.8465340733528137, 0.8464491367340088, 0.8465484380722046, 0.8462971448898315, 0.8465235829353333], "loss": [0.2909913659095764, 0.28006312251091003, 0.27874523401260376, 0.2783561050891876, 0.278128445148468, 0.2780422866344452, 0.2780380845069885, 0.2781482934951782, 0.27803707122802734, 0.27794551849365234, 0.2780441641807556, 0.2779940664768219, 0.2780632972717285, 0.2779307961463928, 0.27785569429397583, 0.27781155705451965, 0.27775198221206665, 0.2777223587036133, 0.2777552604675293, 0.2777739465236664, 0.27783381938934326, 0.2776419520378113, 0.27775296568870544, 0.2776968777179718, 0.27788153290748596, 0.27773377299308777], "precision": [0.7705727219581604, 0.7754904627799988, 0.7750362753868103, 0.7750255465507507, 0.7751026153564453, 0.7745820879936218, 0.7744693756103516, 0.7748087644577026, 0.7750834822654724, 0.7749813199043274, 0.7751157879829407, 0.7752713561058044, 0.7751691937446594, 0.775274932384491, 0.7747922539710999, 0.7744259834289551, 0.7745750546455383, 0.7749583721160889, 0.7742534279823303, 0.7736532688140869, 0.7742807865142822, 0.7741671204566956, 0.7735996246337891, 0.7735967040061951, 0.7738378643989563, 0.773780882358551], "recall": [0.8191083669662476, 0.8345920443534851, 0.8384004831314087, 0.8381032347679138, 0.8387010097503662, 0.8398836851119995, 0.8398317694664001, 0.8394091129302979, 0.8386015892028809, 0.8395398855209351, 0.8388350605964661, 0.8387302160263062, 0.8383691310882568, 0.8389226198196411, 0.8402036428451538, 0.8404285311698914, 0.8403474688529968, 0.8405387997627258, 0.841285765171051, 0.8422327637672424, 0.8412879705429077, 0.8423343896865845, 0.8429095149040222, 0.8430651426315308, 0.8429992198944092, 0.8429246544837952], "val_accuracy": [0.9977932572364807, 0.9977932572364807, 0.9977932572364807, 0.9977932572364807, 0.9977932572364807, 0.9977932572364807, 0.9977932572364807, 0.9977932572364807, 0.9977932572364807, 0.9977932572364807, 0.9977932572364807, 0.9977932572364807, 0.9977932572364807, 0.9977932572364807, 0.9977932572364807, 0.9977932572364807, 0.9977932572364807, 0.9977932572364807, 0.9977932572364807, 0.9977932572364807, 0.9977932572364807, 0.9977932572364807, 0.9977932572364807, 0.9977932572364807, 0.9977932572364807, 0.9977932572364807], "val_auc": [0.8505052924156189, 0.8529638648033142, 0.852821409702301, 0.8531471490859985, 0.8528206944465637, 0.8543474078178406, 0.8540146946907043, 0.8532915115356445, 0.8542175889015198, 0.8545754551887512, 0.8535332679748535, 0.8537636995315552, 0.8542678952217102, 0.8537815809249878, 0.8541116714477539, 0.8541421890258789, 0.8539853692054749, 0.8537408113479614, 0.8535462617874146, 0.8526661992073059, 0.8532911539077759, 0.8535749316215515, 0.8537437319755554, 0.8520904779434204, 0.8545457720756531, 0.8540052175521851], "val_loss": [0.46969595551490784, 0.4656318128108978, 0.46534794569015503, 0.46529555320739746, 0.46485254168510437, 0.4636601209640503, 0.4641619622707367, 0.46499544382095337, 0.46526458859443665, 0.4638407230377197, 0.4662173390388489, 0.464187890291214, 0.46372056007385254, 0.4648459255695343, 0.46392756700515747, 0.4647051692008972, 0.4657714068889618, 0.4650995135307312, 0.465175986289978, 0.46592116355895996, 0.46494853496551514, 0.4650903046131134, 0.4648818075656891, 0.46830692887306213, 0.46448421478271484, 0.46473491191864014], "val_precision": [0.7814069390296936, 0.7782227396965027, 0.7789744138717651, 0.7763522267341614, 0.7764409780502319, 0.7765249013900757, 0.7730439901351929, 0.7882577776908875, 0.7786137461662292, 0.7750250101089478, 0.7879267334938049, 0.779201328754425, 0.7782304883003235, 0.7843297719955444, 0.7816183567047119, 0.7875220775604248, 0.780325174331665, 0.7787156105041504, 0.78423672914505, 0.7827446460723877, 0.780646026134491, 0.7819897532463074, 0.782106876373291, 0.7856416702270508, 0.7815431952476501, 0.7766526341438293], "val_recall": [0.836677610874176, 0.849530041217804, 0.8484662771224976, 0.8544116616249084, 0.8538870811462402, 0.8529835939407349, 0.8585209250450134, 0.8283570408821106, 0.85053551197052, 0.8579089045524597, 0.8277450203895569, 0.8490200638771057, 0.8517158627510071, 0.838469922542572, 0.8435555696487427, 0.8315774202346802, 0.8441384434700012, 0.8523715734481812, 0.8380619287490845, 0.8389654159545898, 0.848728597164154, 0.8428852558135986, 0.8433078527450562, 0.8330491781234741, 0.8448524475097656, 0.8549799919128418], "learning_rate": [0.0010000000474974513, 0.0010000000474974513, 0.0010000000474974513, 0.0010000000474974513, 0.0010000000474974513, 0.0010000000474974513, 0.0010000000474974513, 0.0010000000474974513, 0.0010000000474974513, 0.0010000000474974513, 0.0010000000474974513, 0.0010000000474974513, 0.0010000000474974513, 0.0010000000474974513, 0.0010000000474974513, 0.0010000000474974513, 0.0010000000474974513, 0.0010000000474974513, 0.0010000000474974513, 0.0010000000474974513, 0.0010000000474974513, 0.0010000000474974513, 0.0010000000474974513, 0.0010000000474974513, 0.0010000000474974513, 0.0010000000474974513]}