{"test_loss": 0.46569913625717163, "test_accuracy": 0.9979938864707947, "roc_auc": 0.775160655935092, "f1_score": 0.7222731955668459}