{
    "accuracy": 0.5472549762610615,
    "roc_auc": 0.7574435436225572,
    "f1_score": 0.7984195566885797
}