{"test_loss": 0.44908154010772705, "test_accuracy": 0.9961995482444763, "roc_auc": 0.7968199514128201, "f1_score": 0.7397595696438665}