{
    "Output_0": {
        "Accuracy": 0.8320219334418117,
        "ROC AUC": 0.8104855245675988,
        "F1 Score": 0.7851694538879117
    },
    "Output_1": {
        "Accuracy": 0.7654526001381985,
        "ROC AUC": 0.8286035288577738,
        "F1 Score": 0.7589685972114633
    }
}