{"test_loss": 0.4559759497642517, "test_accuracy": 0.9975146651268005, "roc_auc": 0.7877071996400964, "f1_score": 0.7442402271799649}