{"test_loss": 0.4572224020957947, "test_accuracy": 0.9975146651268005, "roc_auc": 0.7851450368701485, "f1_score": 0.7399178082731535}