{"test_loss": 0.44897812604904175, "test_accuracy": 0.9957537651062012, "roc_auc": 0.7957340669169879, "f1_score": 0.7502243410100983}