{
    "Output_1": {
        "Accuracy": 0.8125181106925529,
        "ROC AUC": 0.7557132784452965,
        "F1 Score": 0.8959472499195883
    },
    "Output_2": {
        "Accuracy": 0.7286182377460267,
        "ROC AUC": 0.7788875392190527,
        "F1 Score": 0.5432376664790846
    }
}