{
    "Output_1": {
        "Accuracy": 0.812718721440831,
        "ROC AUC": 0.7494862766339223,
        "F1 Score": 0.7287525774052959
    },
    "Output_2": {
        "Accuracy": 0.7300225129839735,
        "ROC AUC": 0.7763978142613815,
        "F1 Score": 0.7187684228031311
    }
}