{
    "Output_1": {
        "Accuracy": 0.8357332322849564,
        "ROC AUC": 0.8185005131235528,
        "F1 Score": 0.7897019419832512
    },
    "Output_2": {
        "Accuracy": 0.7710697010899851,
        "ROC AUC": 0.8365029553046963,
        "F1 Score": 0.7661213767201244
    }
}