{
    "Output_1": {
        "Accuracy": 0.8206317009562446,
        "ROC AUC": 0.7841079955351823,
        "F1 Score": 0.7563719147650725
    },
    "Output_2": {
        "Accuracy": 0.7435191583264605,
        "ROC AUC": 0.8007254292561047,
        "F1 Score": 0.7326856013716294
    }
}